timestamp_utc,pm25_conc,aqi_us,temperature_c,humidity_pct,pressure_hpa,wind_speed_ms,wind_direction_deg
2026-07-03T20:25:08.594582+00:00,,52,16,82,1009,0.56,200
2026-07-03T21:57:57.496217+00:00,,34,16,82,1008,0,0
2026-07-03T23:02:31.811417+00:00,,26,16,82,1008,0,0
2026-07-04T02:01:45.563456+00:00,,51,16,82,1007,0.56,130
2026-07-04T06:11:24.879147+00:00,,76,20,73,1005,0.56,150
2026-07-04T09:14:34.333363+00:00,,53,21,69,1004,1.11,80
2026-07-04T11:18:40.637083+00:00,,62,20,78,1006,1.11,220
2026-07-04T13:02:15.061737+00:00,,59,20,83,1007,1.11,230
2026-07-04T14:58:26.811784+00:00,,60,19,83,1008,1.11,230
2026-07-04T16:02:00.203132+00:00,,84,19,78,1009,1.11,240
2026-07-04T17:56:40.157794+00:00,,51,18,77,1009,0.56,180
2026-07-04T19:03:53.508397+00:00,,41,17,77,1009,0.56,230
2026-07-04T20:43:51.478365+00:00,,25,17,72,1009,0.56,220
2026-07-04T21:49:54.634597+00:00,,19,17,72,1009,0.56,210
2026-07-04T22:49:03.909342+00:00,,20,17,72,1009,0.56,190
2026-07-04T23:54:14.204609+00:00,,19,17,72,1009,0.56,160
2026-07-05T02:09:45.183946+00:00,,22,18,68,1008,0.56,110
2026-07-05T06:31:44.732691+00:00,,34,26,51,1005,1.11,30
2026-07-05T09:36:01.835589+00:00,,38,28,42,1004,1.11,30
2026-07-05T11:23:35.434193+00:00,,39,28,42,1004,1.11,30
2026-07-05T13:11:00.642465+00:00,,41,28,42,1004,1.11,30
2026-07-05T15:06:41.859219+00:00,,55,25,50,1005,1.11,40
2026-07-05T16:57:16.385935+00:00,,61,23,57,1006,0.56,40
2026-07-05T18:00:35.543444+00:00,,54,22,60,1006,0.56,30
2026-07-05T20:06:39.292071+00:00,,44,20,68,1006,0.56,50
2026-07-05T21:52:42.872481+00:00,,38,19,68,1006,0.56,20
2026-07-05T22:53:41.137408+00:00,,39,19,68,1006,0.56,70
2026-07-05T23:58:04.206757+00:00,,39,18,68,1007,0.56,80
2026-07-06T03:28:16.942868+00:00,,42,24,54,1006,0.56,120
2026-07-06T08:11:08.116150+00:00,,48,29,43,1004,1.11,40
2026-07-06T12:37:39.249102+00:00,,42,29,43,1004,1.11,40
2026-07-06T16:13:16.678243+00:00,,58,26,54,1005,0.56,60
2026-07-06T18:50:44.513166+00:00,,53,24,54,1006,0.56,120
2026-07-06T20:47:42.380897+00:00,,49,23,53,1006,1.11,200
2026-07-06T22:06:47.790081+00:00,,48,22,57,1006,0.56,170
2026-07-06T23:59:29.464203+00:00,,45,22,57,1006,0.56,140
2026-07-07T03:41:00.448031+00:00,,51,26,51,1005,0.56,140
2026-07-07T07:30:03.842756+00:00,,44,30,38,1002,1.11,60
2026-07-07T10:46:58.286323+00:00,,42,31,36,1001,1.11,40
2026-07-07T13:12:28.547699+00:00,,46,30,38,1001,1.11,50
2026-07-07T16:19:09.153422+00:00,,51,26,48,1004,1.11,120
2026-07-07T18:55:24.993988+00:00,,55,25,47,1004,1.11,190
2026-07-07T20:46:22.235013+00:00,,57,23,50,1004,0.56,180
2026-07-07T22:05:30.945500+00:00,,49,23,53,1004,0.56,160
2026-07-07T23:49:14.305252+00:00,,37,23,50,1004,0.56,130
2026-07-08T01:51:11.909277+00:00,,36,24,50,1004,0.56,120
2026-07-08T05:12:57.681801+00:00,,34,28,42,1003,0.56,150
2026-07-08T08:09:49.381077+00:00,,41,29,40,1003,1.11,220
2026-07-08T10:55:09.493684+00:00,,38,29,37,1002,1.11,170
2026-07-08T12:14:39.928220+00:00,,39,29,37,1003,1.11,170
2026-07-08T15:10:46.948315+00:00,,46,26,48,1004,1.11,140
2026-07-08T17:20:26.195342+00:00,,42,24,50,1005,1.11,110
2026-07-08T19:09:16.242140+00:00,,40,23,53,1005,0.56,150
2026-07-08T20:57:44.495724+00:00,,35,22,53,1005,0.56,140
2026-07-08T22:03:46.880775+00:00,,32,22,53,1005,0.56,130
2026-07-09T00:00:55.126817+00:00,,30,21,56,1006,0.56,120
2026-07-09T04:42:43.761598+00:00,,48,27,42,1005,0.56,70
2026-07-09T08:29:45.314386+00:00,,51,31,33,1004,1.11,40
2026-07-09T11:46:23.031184+00:00,,48,30,35,1004,1.11,40
2026-07-09T14:33:11.105217+00:00,,46,28,40,1006,1.11,40
2026-07-09T17:12:46.983028+00:00,,42,26,45,1007,1.11,60
2026-07-09T19:23:29.180492+00:00,,49,23,57,1008,0.56,140
2026-07-09T21:13:54.561414+00:00,,51,22,60,1008,0.56,120
2026-07-09T23:03:24.634748+00:00,,51,21,64,1009,0.56,110
2026-07-10T02:02:29.920192+00:00,,52,21,64,1009,0.56,60
2026-07-10T06:34:34.777097+00:00,,63,30,35,1007,1.11,30
2026-07-10T10:15:27.369692+00:00,,62,31,33,1005,1.67,30
2026-07-10T13:04:45.383910+00:00,,64,30,35,1005,1.67,30
2026-07-10T16:15:35.924534+00:00,,68,26,45,1007,0.56,60
2026-07-10T18:17:23.875237+00:00,,69,23,50,1007,0.56,100
2026-07-10T20:15:02.747145+00:00,,67,22,57,1007,0.56,120
2026-07-10T21:52:37.004251+00:00,,63,21,56,1007,0,0
2026-07-10T22:51:59.113735+00:00,,62,21,56,1006,0,0
2026-07-10T23:50:46.335311+00:00,,62,20,60,1006,0,0
2026-07-11T01:49:52.231244+00:00,,60,22,53,1005,0.56,130
2026-07-11T04:56:13.608213+00:00,,63,28,40,1003,0.56,60
2026-07-11T07:07:57.427348+00:00,,64,31,33,1000,1.11,20
2026-07-11T09:18:25.869316+00:00,,60,33,32,999,1.11,30
2026-07-11T10:55:29.096225+00:00,,56,33,32,999,1.11,30
2026-07-11T11:45:36.682263+00:00,,56,33,32,999,1.11,40
2026-07-11T12:57:34.937042+00:00,,57,32,34,999,1.11,40
2026-07-11T14:21:09.452592+00:00,,57,30,38,1000,1.11,50
2026-07-11T15:45:02.403940+00:00,,62,29,40,1000,0.56,70
2026-07-11T16:43:59.759196+00:00,,65,28,42,1001,0.56,80
2026-07-11T17:46:46.611201+00:00,,66,27,42,1001,0.56,120
2026-07-11T18:46:48.938674+00:00,,63,26,45,1001,0.56,190
2026-07-11T19:59:35.790682+00:00,,61,25,47,1002,0.56,160
2026-07-11T20:53:38.318433+00:00,,58,24,47,1001,0.56,160
2026-07-11T21:40:29.250453+00:00,,57,24,47,1001,0.56,190
2026-07-11T22:38:35.580801+00:00,,56,23,50,1002,0.56,170
2026-07-11T23:44:28.962070+00:00,,55,23,50,1002,0.56,160
2026-07-12T01:52:12.902721+00:00,,55,24,50,1002,0.56,170
2026-07-12T05:19:17.239374+00:00,,57,30,38,999,0.56,190
2026-07-12T08:01:28.740559+00:00,,53,33,28,998,1.11,0
2026-07-12T10:19:01.077035+00:00,,53,33,28,997,0.56,50
2026-07-12T11:52:02.017420+00:00,,54,33,28,997,0.56,60
2026-07-12T12:58:24.702196+00:00,,52,33,28,997,0.56,70
2026-07-12T14:26:01.451530+00:00,,53,30,33,999,1.11,130
2026-07-12T15:51:24.831141+00:00,,58,29,35,1000,1.11,150
2026-07-12T16:48:30.210383+00:00,,57,28,37,1000,1.11,160
2026-07-12T17:52:18.986732+00:00,,58,27,39,1001,0.56,160
2026-07-12T18:52:25.651906+00:00,,56,26,42,1001,0.56,170
2026-07-12T20:02:08.489245+00:00,,54,25,44,1001,0.56,200
2026-07-12T21:42:00.308327+00:00,,52,24,47,1001,0.56,200
2026-07-12T22:38:16.343749+00:00,,51,24,47,1002,0.56,210
2026-07-12T23:43:38.231186+00:00,,52,23,50,1002,0.56,220
2026-07-13T01:54:29.913565+00:00,,52,24,50,1002,0.56,190
2026-07-13T05:28:54.918200+00:00,,58,28,40,1002,0.56,180
2026-07-13T08:51:11.597924+00:00,,54,30,33,1001,1.11,180
2026-07-13T11:53:11.276784+00:00,,56,30,33,1001,0.56,160
2026-07-13T14:08:40.267277+00:00,,58,28,37,1002,0.56,160
2026-07-13T17:07:45.324663+00:00,,53,26,42,1004,1.11,150
2026-07-13T19:13:31.263146+00:00,,42,24,47,1005,0.56,160
2026-07-13T20:50:49.849734+00:00,,32,24,47,1005,0.56,160
2026-07-13T21:46:04.672935+00:00,,31,24,47,1004,0.56,160
2026-07-13T22:46:03.446091+00:00,,31,24,47,1005,0.56,160
2026-07-13T23:44:05.469635+00:00,,27,23,50,1005,0.56,160
2026-07-14T01:41:55.431665+00:00,,32,24,47,1005,0.56,140
2026-07-14T04:42:32.482117+00:00,,52,28,40,1004,0.56,110
2026-07-14T07:04:23.481402+00:00,,55,31,31,1003,1.11,90
2026-07-14T09:48:10.381883+00:00,,57,32,29,1003,1.11,30
2026-07-14T11:18:44.087067+00:00,,57,31,31,1003,1.11,50
2026-07-14T13:11:05.399851+00:00,,58,31,31,1003,1.11,60
2026-07-14T15:17:12.606484+00:00,,60,28,40,1004,0.56,70
2026-07-14T17:04:25.201977+00:00,,56,27,39,1005,0.56,80
2026-07-14T19:04:11.859857+00:00,,54,25,44,1005,1.11,120
2026-07-14T20:51:10.385540+00:00,,48,25,41,1005,0.56,130
2026-07-14T21:48:53.562754+00:00,,44,24,44,1005,0.56,140
2026-07-14T22:48:07.825200+00:00,,43,24,44,1005,0.56,140
2026-07-14T23:43:02.436741+00:00,,41,24,44,1005,0.56,140
2026-07-15T01:27:53.947411+00:00,,39,25,44,1005,0.56,110
2026-07-15T04:42:29.778315+00:00,,53,30,35,1004,0.56,60
2026-07-15T07:07:19.661439+00:00,,54,34,26,1002,1.67,20
2026-07-15T09:51:52.132998+00:00,,53,35,25,1000,1.67,20
2026-07-15T11:22:42.372352+00:00,,53,34,26,1001,1.67,40
2026-07-15T13:15:14.614256+00:00,,53,34,25,1001,1.67,40
2026-07-15T15:19:08.433735+00:00,,62,30,33,1003,1.11,70
2026-07-15T17:06:42.983574+00:00,,64,29,35,1003,1.11,80
2026-07-15T18:56:49.536653+00:00,,52,28,32,1004,1.11,200
2026-07-15T20:05:08.718465+00:00,,47,27,39,1004,1.11,170
2026-07-15T21:49:45.921730+00:00,,41,26,39,1004,0.56,160
2026-07-15T22:50:38.407532+00:00,,42,26,39,1004,0.56,150
2026-07-15T23:51:33.667724+00:00,,43,26,37,1005,0.56,150
2026-07-16T01:48:14.071678+00:00,,40,27,37,1005,0.56,130
2026-07-16T04:52:51.559975+00:00,,54,32,31,1003,0.56,60
2026-07-16T07:16:34.413163+00:00,,49,36,24,1001,1.67,30
2026-07-16T09:59:14.363240+00:00,,52,38,21,1000,1.11,30
2026-07-16T11:41:30.047691+00:00,,52,36,22,1001,1.67,40
2026-07-16T13:22:47.871364+00:00,,51,34,25,1001,1.67,40
2026-07-16T15:26:35.157134+00:00,,55,32,29,1002,1.11,100
2026-07-16T17:04:35.763525+00:00,,54,31,31,1002,1.11,100
2026-07-16T18:57:20.433433+00:00,,53,29,31,1003,1.11,140
2026-07-16T20:00:55.524518+00:00,,52,29,31,1003,1.11,130
2026-07-16T21:56:47.862238+00:00,,56,27,34,1003,0.56,160
2026-07-16T22:53:31.796999+00:00,,52,27,34,1003,0.56,140
2026-07-16T23:51:26.237467+00:00,,45,26,37,1004,0.56,130
2026-07-17T01:51:46.438082+00:00,,45,27,34,1003,0.56,100
2026-07-17T04:56:07.998221+00:00,,55,33,28,1002,0.56,50
2026-07-17T07:12:45.406627+00:00,,55,37,22,999,1.11,40
2026-07-17T09:48:33.313696+00:00,,29,39,20,998,1.67,40
2026-07-17T11:15:33.257923+00:00,,29,38,20,998,1.67,40
2026-07-17T13:07:02.270135+00:00,,31,37,20,998,1.67,40
2026-07-17T15:06:22.734305+00:00,,39,34,26,999,1.11,60
2026-07-17T17:01:29.005204+00:00,,39,32,29,1000,1.11,100
2026-07-17T18:54:05.820832+00:00,,33,30,31,1001,1.11,150
2026-07-17T19:59:34.352542+00:00,,32,30,31,1001,1.11,140
2026-07-17T20:59:22.403729+00:00,,29,29,31,1001,1.11,140
2026-07-17T21:55:47.574073+00:00,,28,28,32,1002,1.11,150
2026-07-17T22:41:23.695013+00:00,,27,28,32,1002,1.11,160
2026-07-17T23:43:15.397278+00:00,,27,28,32,1002,1.11,160
2026-07-18T01:42:11.507577+00:00,,24,29,33,1002,0.56,140
2026-07-18T04:40:20.386616+00:00,,32,34,28,1001,0.56,40
2026-07-18T06:53:59.372884+00:00,,39,38,21,1000,1.67,20
2026-07-18T08:43:28.809980+00:00,,33,39,19,998,1.67,40
2026-07-18T10:10:33.442151+00:00,,35,40,18,998,1.67,30
2026-07-18T11:45:11.158660+00:00,,39,39,18,998,1.94,30
2026-07-18T12:54:14.969225+00:00,,39,38,19,998,1.94,30
2026-07-18T14:16:39.445458+00:00,,47,35,25,999,1.67,50
2026-07-18T15:45:18.940681+00:00,,54,34,26,1000,1.67,80
2026-07-18T16:44:53.424914+00:00,,53,33,28,1000,1.11,90
2026-07-18T17:47:34.322820+00:00,,63,32,29,1001,1.11,100
2026-07-18T18:49:21.983060+00:00,,52,31,31,1001,1.11,140
2026-07-18T19:59:24.811238+00:00,,49,30,31,1001,1.11,140
2026-07-18T20:53:12.957343+00:00,,47,30,31,1001,1.11,150
2026-07-18T21:41:13.396267+00:00,,43,29,33,1001,1.11,170
2026-07-18T22:39:29.568233+00:00,,37,29,33,1002,1.11,170
2026-07-18T23:43:29.312930+00:00,,38,28,35,1002,1.11,160
2026-07-19T01:50:18.081387+00:00,,43,30,33,1001,0.56,130
2026-07-19T05:13:41.296794+00:00,,49,35,27,1000,0.56,50
2026-07-19T08:01:28.447014+00:00,,60,39,19,998,1.67,30
2026-07-19T10:19:02.121919+00:00,,44,40,17,997,1.67,30
2026-07-19T11:49:03.811283+00:00,,43,39,18,996,1.67,30
2026-07-19T12:56:40.891955+00:00,,42,39,16,996,1.67,30
2026-07-19T14:21:57.552579+00:00,,53,36,22,998,1.67,60
2026-07-19T15:48:36.911138+00:00,,53,34,25,998,1.11,100
2026-07-19T16:46:08.005693+00:00,,50,33,26,998,1.11,100
2026-07-19T17:50:48.960125+00:00,,43,32,28,998,1.11,100
2026-07-19T18:52:37.305485+00:00,,44,32,26,999,1.11,80
2026-07-19T20:03:10.312499+00:00,,43,31,24,999,1.11,90
2026-07-19T21:42:21.190209+00:00,,41,30,25,998,1.11,170
2026-07-19T22:41:57.751831+00:00,,37,29,27,998,1.11,160
2026-07-19T23:48:59.397891+00:00,,38,29,29,999,1.11,150
2026-07-20T02:06:57.084388+00:00,,37,30,29,998,0.56,140
2026-07-20T06:09:05.560860+00:00,,51,37,21,996,0.56,330
2026-07-20T09:50:26.695154+00:00,,46,41,13,994,0.56,70
2026-07-20T12:09:41.883815+00:00,,43,39,15,994,1.11,30
2026-07-20T15:02:47.847164+00:00,,56,35,22,995,1.11,50
2026-07-20T17:24:59.226357+00:00,,53,32,28,996,1.11,120
2026-07-20T19:26:31.632114+00:00,,62,30,31,996,1.11,260
2026-07-20T21:02:16.603299+00:00,,52,30,31,996,1.11,260
2026-07-20T22:47:56.963112+00:00,,41,29,33,996,1.11,260
2026-07-20T23:49:01.058594+00:00,,39,28,35,996,1.11,230
2026-07-21T01:50:10.271735+00:00,,36,29,35,996,0.56,190
2026-07-21T05:12:39.573003+00:00,,44,32,34,995,0.56,170
2026-07-21T08:09:28.437424+00:00,,39,33,30,995,1.11,170
2026-07-21T10:57:30.435215+00:00,,35,31,33,996,1.11,190
2026-07-21T12:22:30.886311+00:00,,36,29,40,998,1.11,180
2026-07-21T14:56:53.425749+00:00,,41,27,45,1001,1.11,190
2026-07-21T16:19:54.284924+00:00,,45,25,50,1003,1.11,190
2026-07-21T18:10:45.558707+00:00,,61,24,57,1004,1.11,180
2026-07-21T20:14:38.748177+00:00,,30,20,78,1005,1.11,120
2026-07-21T21:56:20.550223+00:00,,53,21,73,1004,1.11,220
2026-07-21T22:49:52.089169+00:00,,55,21,73,1004,1.11,150
2026-07-21T23:49:16.561017+00:00,,53,21,69,1004,1.11,140
2026-07-22T01:48:58.004926+00:00,,14,22,64,1004,0.56,150
2026-07-22T05:11:06.027049+00:00,,17,24,57,1002,0.56,80
2026-07-22T08:09:43.662840+00:00,,38,26,51,1002,1.11,110
2026-07-22T10:58:54.268795+00:00,,30,27,45,1001,1.11,30
2026-07-22T12:25:43.329453+00:00,,31,27,45,1001,1.11,40
2026-07-22T14:57:35.095981+00:00,,37,25,50,1002,1.11,70
2026-07-22T16:18:16.292282+00:00,,39,23,57,1003,1.11,100
2026-07-22T18:02:46.696478+00:00,,51,22,60,1004,0.56,130
2026-07-22T20:07:21.200132+00:00,,34,22,64,1004,0.56,120
2026-07-22T21:58:08.485527+00:00,,20,21,69,1004,0.56,120
2026-07-22T23:02:18.938540+00:00,,20,21,64,1004,0.56,110
2026-07-23T01:56:16.638902+00:00,,23,21,64,1004,0.56,90
2026-07-23T05:20:01.246097+00:00,,28,26,51,1002,0.56,80
2026-07-23T08:13:06.583169+00:00,,28,27,48,1002,1.11,80
2026-07-23T11:01:15.565623+00:00,,43,27,48,1002,1.11,40
2026-07-23T13:26:17.851465+00:00,,23,25,57,1003,1.11,160
2026-07-23T15:48:09.728768+00:00,,20,23,65,1004,1.11,100
2026-07-23T17:10:26.089078+00:00,,37,23,61,1004,1.11,110
2026-07-23T19:01:03.181041+00:00,,30,22,60,1004,0.56,150
2026-07-23T20:51:45.112116+00:00,,18,22,60,1004,0.56,130
2026-07-23T21:57:32.476117+00:00,,16,21,64,1003,0.56,180
2026-07-23T22:53:41.828486+00:00,,16,21,64,1004,0.56,160
2026-07-23T23:53:10.058509+00:00,,16,21,64,1004,0.56,140
2026-07-24T01:51:57.667837+00:00,,19,22,60,1005,0.56,130
2026-07-24T05:12:47.690876+00:00,,27,25,54,1005,0.56,120
2026-07-24T08:09:12.723183+00:00,,28,29,40,1002,1.11,90
2026-07-24T10:55:01.545603+00:00,,33,29,40,1002,1.11,50
2026-07-24T12:13:43.425899+00:00,,30,29,40,1002,1.11,70
2026-07-24T14:45:50.467749+00:00,,33,26,48,1004,1.11,80
2026-07-24T18:11:56.866866+00:00,,52,24,54,1005,0.56,120
2026-07-24T20:11:15.434825+00:00,,37,22,60,1005,0.56,90
2026-07-24T21:56:47.563236+00:00,,30,21,60,1005,0.56,170
2026-07-24T22:57:37.235970+00:00,,24,21,60,1005,0.56,140
2026-07-25T00:01:48.091494+00:00,,24,21,60,1006,0.56,120
2026-07-25T03:57:07.158819+00:00,,34,25,50,1005,0.56,110
2026-07-25T06:14:14.410308+00:00,,36,29,40,1004,1.11,60
2026-07-25T08:54:52.806323+00:00,,29,31,33,1002,1.11,40
2026-07-25T10:20:49.627700+00:00,,31,31,33,1002,1.11,40
2026-07-25T11:56:45.539195+00:00,,31,30,35,1002,1.11,40
2026-07-25T13:14:47.290970+00:00,,32,30,35,1003,1.11,40
2026-07-25T14:55:33.535947+00:00,,47,27,42,1004,1.11,60
2026-07-25T15:57:40.029836+00:00,,56,26,48,1005,1.11,90
2026-07-25T16:54:28.127247+00:00,,52,25,50,1006,1.11,110
2026-07-25T17:51:50.233283+00:00,,17,24,50,1006,1.11,160
2026-07-25T18:54:05.958883+00:00,,12,24,50,1006,0.56,200
2026-07-25T20:06:45.755483+00:00,,10,22,60,1007,1.11,80
2026-07-25T21:44:31.929124+00:00,,22,22,60,1007,1.11,260
2026-07-25T22:44:25.656470+00:00,,21,21,64,1007,1.11,250
2026-07-25T23:52:25.727812+00:00,,24,21,64,1008,0.56,230
2026-07-26T01:55:21.638155+00:00,,28,22,60,1008,0.56,130
2026-07-26T05:24:07.619995+00:00,,54,28,42,1007,1.11,50
2026-07-26T08:09:43.202135+00:00,,48,30,40,1006,1.11,80
2026-07-26T10:29:58.806304+00:00,,44,31,36,1005,1.11,60
2026-07-26T11:55:38.576908+00:00,,37,30,38,1006,1.11,50
2026-07-26T13:03:27.251463+00:00,,37,30,38,1006,1.11,40
2026-07-26T14:56:54.869182+00:00,,52,28,42,1007,1.11,50
2026-07-26T15:58:18.481991+00:00,,58,26,48,1007,1.11,50
2026-07-26T17:00:21.574324+00:00,,58,25,50,1008,1.11,60
2026-07-26T18:58:00.510830+00:00,,58,23,53,1008,0.56,90
2026-07-26T20:08:08.894853+00:00,,55,23,53,1008,0.56,100
2026-07-26T21:51:28.680322+00:00,,53,21,56,1008,0.56,130
2026-07-26T22:51:32.702984+00:00,,47,21,56,1008,0.56,130
2026-07-26T23:53:18.341962+00:00,,38,20,60,1008,0.56,140
2026-07-27T02:03:00.268187+00:00,,35,21,56,1008,0.56,120
2026-07-27T06:18:25.740325+00:00,,39,30,35,1005,1.11,40
2026-07-27T10:32:51.596121+00:00,,36,30,33,1003,1.67,30
2026-07-27T13:32:41.559899+00:00,,36,28,37,1005,1.11,30
2026-07-27T16:08:15.866411+00:00,,50,26,42,1006,1.11,30
2026-07-27T18:18:22.046932+00:00,,41,22,50,1008,0.56,70
2026-07-27T20:14:23.998869+00:00,,33,22,50,1008,1.11,30
2026-07-27T21:57:15.545192+00:00,,30,20,56,1008,0.56,10
2026-07-27T22:58:28.734974+00:00,,28,20,56,1008,0.56,30
2026-07-28T00:02:02.714758+00:00,,28,19,60,1009,0.56,50
2026-07-28T03:54:44.713632+00:00,,33,24,47,1008,0.56,100
2026-07-28T06:18:57.920825+00:00,,37,29,33,1006,1.11,20
2026-07-28T09:30:54.008570+00:00,,49,31,29,1005,1.11,30
2026-07-28T11:50:26.505394+00:00,,53,30,31,1005,1.11,30
2026-07-28T13:41:27.580516+00:00,,44,28,37,1006,1.11,30
2026-07-28T15:58:49.063713+00:00,,54,25,44,1007,1.11,40
2026-07-28T17:35:41.214575+00:00,,57,23,50,1008,0.56,320
2026-07-28T19:09:28.836557+00:00,,46,22,46,1007,0.56,230
2026-07-28T20:59:42.523252+00:00,,36,21,49,1007,0.56,220
2026-07-28T22:07:15.962143+00:00,,32,20,52,1007,0.56,200
2026-07-28T23:52:09.659599+00:00,,33,20,52,1008,0.56,160
2026-07-29T01:47:16.235898+00:00,,30,21,49,1007,0.56,100
2026-07-29T05:12:42.514892+00:00,,33,26,39,1006,0.56,60
2026-07-29T08:22:21.480030+00:00,,38,31,31,1003,1.11,40
2026-07-29T11:14:42.185517+00:00,,42,31,29,1003,1.11,40
2026-07-29T13:47:43.591835+00:00,,38,29,33,1004,1.11,40
2026-07-29T15:44:37.982022+00:00,,53,26,42,1006,1.11,50
2026-07-29T17:05:11.558515+00:00,,58,25,44,1006,1.11,40
2026-07-29T18:59:06.875692+00:00,,52,23,50,1007,0.56,290
2026-07-29T20:13:25.371130+00:00,,41,21,36,1008,0.83,120
2026-07-29T21:51:13.774161+00:00,,36,21,37,1008,0.56,202
2026-07-29T22:52:17.658888+00:00,,32,20,39,1009,0.83,215
2026-07-29T23:53:53.561193+00:00,,31,20,40,1009,1.11,213
2026-07-30T01:29:28.681758+00:00,,31,22,38,1009,1.11,270
2026-07-30T04:49:41.173935+00:00,,35,27,28,1008,1.94,12
2026-07-30T07:27:58.666087+00:00,,29,31,19,1004,2.5,13
2026-07-30T10:13:56.203853+00:00,,31,32,16,1003,2.5,7
2026-07-30T12:23:44.291642+00:00,,39,32,16,1003,5.28,18
2026-07-30T15:03:36.058962+00:00,,36,26,22,1005,2.5,61
2026-07-30T17:16:01.151372+00:00,,44,23,29,1007,1.67,198
2026-07-30T19:10:58.972231+00:00,,42,22,29,1009,0.83,194
2026-07-30T20:57:23.463388+00:00,,32,21,29,1009,1.11,200
2026-07-30T22:03:20.338554+00:00,,28,21,30,1008,1.39,204
2026-07-30T23:54:36.571550+00:00,,28,21,30,1009,1.39,199
2026-07-31T01:56:46.576656+00:00,,24,23,30,1009,1.11,227
2026-07-31T05:31:54.797462+00:00,,38,30,23,1006,1.39,336
2026-07-31T08:35:55.608825+00:00,,34,33,16,1003,0.83,303
2026-07-31T11:21:20.243016+00:00,,43,34,14,1002,1.94,3
2026-07-31T13:42:47.792969+00:00,,33,32,16,1002,4.17,18
2026-07-31T15:55:16.465430+00:00,,55,26,24,1005,2.22,151
2026-07-31T17:20:40.169741+00:00,,56,24,27,1006,1.39,199
2026-07-31T19:09:05.203612+00:00,,53,23,29,1006,1.39,212
2026-07-31T20:54:18.615519+00:00,,41,23,30,1006,1.39,208
2026-07-31T21:57:49.647321+00:00,,37,22,30,1006,1.67,203
2026-07-31T22:59:57.740640+00:00,,35,22,30,1006,1.67,203
2026-08-01T00:01:55.562147+00:00,,33,22,30,1007,1.67,206
2026-08-01T04:16:34.161263+00:00,,47,30,25,1005,1.39,331
2026-08-01T07:23:17.467173+00:00,,46,34,18,1002,1.11,353
2026-08-01T09:52:44.504595+00:00,,52,35,15,1001,1.11,289
2026-08-01T11:10:51.627358+00:00,,52,35,14,1000,1.11,278
2026-08-01T12:58:26.130855+00:00,,51,34,14,1000,1.11,351
2026-08-01T14:25:42.857135+00:00,,52,28,20,1002,2.78,68
2026-08-01T15:53:27.844989+00:00,,64,26,24,1004,2.22,151
2026-08-01T16:50:52.381510+00:00,,63,26,25,1004,2.5,181
2026-08-01T17:53:38.741882+00:00,,59,25,26,1004,1.67,185
2026-08-01T18:55:47.196580+00:00,,58,25,27,1004,1.39,187
2026-08-01T20:06:23.535602+00:00,,52,24,28,1005,1.11,190
2026-08-01T21:44:36.001413+00:00,,42,23,28,1005,1.39,193
2026-08-01T22:44:49.867415+00:00,,37,23,27,1005,1.39,188
2026-08-01T23:49:25.468475+00:00,,34,23,27,1004,1.39,184
2026-08-02T01:54:09.621023+00:00,,33,25,26,1005,0.83,187
2026-08-02T05:19:00.471492+00:00,,45,33,17,1001,2.78,30
2026-08-02T08:06:59.085857+00:00,,36,35,13,998,2.5,9
2026-08-02T10:26:32.100364+00:00,,41,37,11,997,2.22,356
2026-08-02T11:54:38.639408+00:00,,46,37,11,996,2.78,351
2026-08-02T13:00:49.948483+00:00,,53,37,12,997,4.17,338
2026-08-02T14:54:12.820475+00:00,,60,32,17,999,1.67,140
2026-08-02T15:53:53.841151+00:00,,58,30,19,1000,3.06,185
2026-08-02T16:48:38.975357+00:00,,58,30,19,1000,2.78,217
2026-08-02T17:54:09.324811+00:00,,53,30,19,1001,2.78,225
2026-08-02T18:56:34.710751+00:00,,44,28,20,1002,2.5,200
2026-08-02T20:07:33.987135+00:00,,39,27,23,1001,3.33,173
2026-08-02T21:45:06.375822+00:00,,36,26,24,1001,2.78,169
2026-08-02T22:46:00.679631+00:00,,36,26,24,1001,2.5,167
2026-08-02T23:51:33.011403+00:00,,35,26,25,1001,2.5,167
2026-08-03T01:56:44.242357+00:00,,36,27,25,1002,1.67,169
2026-08-03T05:38:01.084189+00:00,,55,36,12,999,2.78,360
2026-08-03T09:24:33.587308+00:00,,52,37,12,996,2.78,358
2026-08-03T12:50:43.126555+00:00,,52,36,14,997,4.72,22
2026-08-03T15:38:26.349997+00:00,,61,28,22,999,2.78,155
2026-08-03T17:46:22.102307+00:00,,60,28,25,1001,5.56,176
2026-08-03T19:20:12.530610+00:00,,54,26,39,1001,3.89,167
2026-08-03T20:55:58.164330+00:00,,37,27,35,1000,2.78,188
2026-08-03T22:00:57.665469+00:00,,41,26,34,1001,2.78,206
2026-08-04T00:00:17.444396+00:00,,20,26,31,1003,1.94,191
2026-08-04T03:58:05.254987+00:00,,26,27,28,1007,4.17,279
2026-08-04T06:27:01.625858+00:00,,29,28,33,1005,5.83,31
2026-08-04T09:34:07.926110+00:00,,20,23,44,1004,3.61,118
2026-08-04T11:56:57.247057+00:00,,33,27,38,1005,3.06,277
2026-08-04T14:00:06.647299+00:00,,54,25,42,1006,2.22,198
2026-08-04T16:14:05.212859+00:00,,66,23,50,1007,2.22,170
2026-08-04T18:23:06.108500+00:00,,66,22,47,1010,5.56,242
2026-08-04T20:19:03.422770+00:00,,55,19,75,1010,1.11,231
2026-08-04T22:04:40.550832+00:00,,31,19,73,1009,1.67,176
2026-08-04T23:55:39.200279+00:00,,36,19,66,1009,1.11,83
2026-08-05T01:49:41.390589+00:00,,35,20,67,1010,1.11,56
2026-08-05T04:57:05.291956+00:00,,80,23,59,1009,0.28,324
2026-08-05T07:35:40.755486+00:00,,82,28,29,1005,1.67,315
2026-08-05T10:26:32.948115+00:00,,29,27,29,1005,2.22,181
2026-08-05T12:47:56.888890+00:00,,31,26,36,1006,0.56,16
2026-08-05T15:08:43.260017+00:00,,15,24,39,1008,2.5,203
2026-08-05T17:21:26.788500+00:00,,22,21,51,1011,3.33,197
2026-08-05T19:15:52.190248+00:00,,16,20,56,1011,1.94,210
2026-08-05T20:57:55.050286+00:00,,14,20,57,1012,2.78,255
2026-08-05T22:11:52.173157+00:00,,13,18,76,1013,2.5,220
2026-08-05T23:51:07.822757+00:00,,12,19,69,1012,2.22,179
2026-08-06T01:45:28.735630+00:00,,14,21,59,1011,2.22,170
2026-08-06T04:57:32.497172+00:00,,24,26,36,1009,1.94,39
2026-08-06T07:36:46.323394+00:00,,25,30,23,1005,3.89,20
2026-08-06T10:29:11.478290+00:00,,24,29,22,1004,3.61,32
2026-08-06T12:51:01.891841+00:00,,23,30,21,1004,4.17,59
2026-08-06T15:07:06.994405+00:00,,32,25,29,1006,3.06,132
2026-08-06T23:50:38.039162+00:00,,19,21,35,1007,1.67,198
2026-08-07T02:09:46.066294+00:00,,20,23,34,1007,0.83,209
2026-08-07T04:48:36.798423+00:00,,41,29,26,1006,1.67,3
2026-08-07T06:05:04.489993+00:00,,61,30,23,1005,1.94,20
2026-08-07T08:07:18.289020+00:00,,41,31,16,1002,3.61,42
2026-08-07T09:52:06.050513+00:00,,26,33,15,1001,4.44,38
2026-08-07T10:43:00.806345+00:00,,24,33,15,1001,5,35
2026-08-07T11:38:31.740125+00:00,,24,32,15,1001,5.56,34
2026-08-07T12:41:32.282419+00:00,,26,33,15,1001,5.28,36
2026-08-07T14:05:44.817507+00:00,,31,31,16,1002,3.89,37
2026-08-07T15:44:45.574722+00:00,,44,26,26,1004,2.22,152
2026-08-07T16:42:30.009539+00:00,,32,25,28,1005,2.5,169
2026-08-07T17:40:42.491388+00:00,,32,25,29,1005,2.5,178
2026-08-07T18:41:09.682365+00:00,,36,24,29,1005,1.94,180
2026-08-07T19:44:41.950937+00:00,,27,24,29,1006,1.67,183
2026-08-07T20:30:43.364155+00:00,,27,24,29,1005,2.22,186
2026-08-07T21:29:26.328576+00:00,,22,24,29,1005,1.94,193
2026-08-07T22:25:40.572243+00:00,,22,23,30,1005,1.67,208
2026-08-07T23:25:22.538579+00:00,,27,23,32,1006,0.28,207
2026-08-08T00:56:59.976555+00:00,,21,22,34,1007,1.67,186
2026-08-08T02:52:45.288133+00:00,,26,27,27,1007,1.67,306
2026-08-08T04:05:15.453235+00:00,,28,28,25,1006,1.67,321
2026-08-08T05:35:50.780169+00:00,,33,31,20,1005,1.67,21
2026-08-08T06:35:37.085790+00:00,,35,33,17,1004,1.94,52
2026-08-08T07:40:52.616419+00:00,,21,33,15,1003,5.28,44
2026-08-08T08:28:54.992873+00:00,,17,34,14,1002,6.39,39
2026-08-08T09:28:15.772721+00:00,,7,35,14,1002,6.94,38
2026-08-08T10:22:06.681568+00:00,,17,35,13,1002,6.11,35
2026-08-08T11:20:23.027938+00:00,,22,34,14,1002,4.72,30
2026-08-08T12:28:32.204099+00:00,,23,34,14,1002,4.17,43
2026-08-08T13:38:32.503128+00:00,,28,32,16,1004,6.94,39
2026-08-08T14:23:01.933435+00:00,,29,29,18,1006,5.28,57
2026-08-08T15:20:25.739713+00:00,,42,26,22,1008,2.78,91
2026-08-08T16:21:15.099359+00:00,,40,25,25,1008,1.39,143
2026-08-08T17:21:19.819727+00:00,,44,24,26,1009,1.11,192
2026-08-08T18:23:16.229137+00:00,,39,23,27,1009,1.39,204
2026-08-08T19:22:14.661438+00:00,,33,22,30,1009,1.67,217
2026-08-08T20:18:03.499822+00:00,,28,22,31,1009,1.67,224
2026-08-08T21:20:57.139106+00:00,,28,22,32,1009,1.67,225
2026-08-08T22:18:38.025868+00:00,,27,22,32,1009,2.22,235
2026-08-08T23:18:52.904890+00:00,,27,21,33,1009,1.67,224
2026-08-09T01:00:31.503915+00:00,,26,21,33,1010,2.22,230
2026-08-09T03:24:52.623329+00:00,,29,27,25,1008,2.5,291
2026-08-09T04:55:28.934809+00:00,,36,28,22,1007,1.94,294
2026-08-09T05:41:28.695376+00:00,,37,30,19,1006,1.39,302
2026-08-09T06:39:07.641771+00:00,,37,32,17,1005,1.11,312
2026-08-09T07:45:27.290045+00:00,,36,33,16,1003,0.28,302
2026-08-09T08:31:20.352613+00:00,,37,34,15,1003,0.28,214
2026-08-09T09:29:51.792244+00:00,,37,35,15,1002,0.56,179
2026-08-09T10:23:17.061920+00:00,,39,35,15,1001,0.28,210
2026-08-09T11:20:48.683164+00:00,,41,35,15,1001,0.83,359
2026-08-09T12:30:25.125408+00:00,,40,34,16,1001,1.94,18
2026-08-09T13:41:22.325157+00:00,,57,32,19,1002,1.67,37
2026-08-09T14:25:16.566382+00:00,,59,30,21,1003,0.83,137
2026-08-09T15:21:44.637888+00:00,,67,29,23,1004,1.94,174
2026-08-09T16:23:26.038142+00:00,,62,28,25,1004,2.22,200
2026-08-09T17:22:03.253449+00:00,,60,28,25,1004,2.5,224
2026-08-09T18:25:53.292638+00:00,,56,28,26,1004,2.22,230
2026-08-09T19:25:18.809853+00:00,,50,27,28,1005,1.94,216
2026-08-09T20:21:11.373441+00:00,,41,26,30,1004,2.5,227
2026-08-09T21:22:19.384994+00:00,,37,25,31,1004,2.5,217
2026-08-09T22:20:13.385688+00:00,,28,25,31,1004,1.94,217
2026-08-09T23:21:26.358988+00:00,,27,25,31,1005,1.94,195
2026-08-10T01:02:23.831488+00:00,,25,25,30,1004,1.11,210
2026-08-10T03:44:15.812202+00:00,,28,30,23,1004,1.67,286
2026-08-10T05:17:21.421661+00:00,,29,33,17,1002,0.83,334
2026-08-10T07:12:28.478186+00:00,,36,31,15,1000,2.78,325
2026-08-10T09:08:13.723821+00:00,,41,33,14,999,3.61,314
2026-08-10T10:58:50.829717+00:00,,42,31,18,1000,3.61,167
2026-08-10T11:47:29.855791+00:00,,46,33,19,1000,5.56,171
2026-08-10T12:46:28.202377+00:00,,55,32,19,1000,2.78,174
2026-08-10T14:14:06.018294+00:00,,60,32,20,1000,1.94,157
2026-08-10T15:51:27.637990+00:00,,58,28,26,1002,0.83,147
2026-08-10T16:43:22.884563+00:00,,55,28,28,1002,1.39,177
2026-08-10T17:43:46.338268+00:00,,51,27,29,1002,1.67,198
2026-08-10T18:43:09.578729+00:00,,31,26,31,1003,1.39,208
2026-08-10T19:48:05.901500+00:00,,27,26,34,1003,1.94,218
2026-08-10T20:32:10.994963+00:00,,22,25,34,1003,1.67,204
2026-08-10T21:32:35.258001+00:00,,22,25,33,1003,1.94,189
2026-08-10T22:27:23.551506+00:00,,22,24,33,1003,1.39,182
2026-08-10T23:25:56.180122+00:00,,21,24,34,1003,1.39,162
2026-08-11T01:01:43.633455+00:00,,21,24,35,1004,0.83,153
2026-08-11T03:26:40.310644+00:00,,22,30,26,1003,2.22,10
2026-08-11T04:58:24.618064+00:00,,28,32,24,1002,2.78,19
2026-08-11T05:52:58.943183+00:00,,30,32,23,1002,2.22,22
2026-08-11T06:50:43.031445+00:00,,31,34,20,1001,1.94,7
2026-08-11T08:03:56.290032+00:00,,33,33,18,1001,1.94,314
2026-08-11T09:52:12.690201+00:00,,37,29,25,1002,5.56,174
2026-08-11T10:42:08.507122+00:00,,32,28,28,1003,8.89,165
2026-08-11T11:37:18.030076+00:00,,31,29,29,1002,8.06,167
2026-08-11T12:42:52.393247+00:00,,28,32,22,1002,4.72,183
2026-08-11T14:13:14.628690+00:00,,32,30,26,1003,1.94,206
2026-08-11T15:52:04.963354+00:00,,31,27,31,1005,2.5,140
2026-08-11T16:48:04.028377+00:00,,29,26,31,1006,2.78,157
2026-08-11T17:50:00.186641+00:00,,35,26,30,1005,3.06,165
2026-08-11T18:48:32.288378+00:00,,26,25,30,1005,3.06,168
2026-08-11T19:55:07.591514+00:00,,23,25,31,1005,3.06,168
2026-08-11T20:34:54.687369+00:00,,26,25,31,1005,2.78,164
2026-08-11T21:36:13.113373+00:00,,29,25,31,1005,1.94,147
2026-08-11T22:32:16.047376+00:00,,24,24,32,1006,1.11,149
2026-08-11T23:30:30.676287+00:00,,23,24,33,1006,1.39,195
2026-08-12T01:08:36.017099+00:00,,21,24,33,1006,1.39,190
2026-08-12T03:56:38.348359+00:00,,27,30,25,1006,1.67,338
2026-08-12T05:27:02.775329+00:00,,28,34,19,1005,1.94,5
2026-08-12T07:10:10.493318+00:00,,31,34,15,1002,1.67,351
2026-08-12T09:02:39.983187+00:00,,32,34,14,1002,1.11,5
2026-08-12T10:52:10.165909+00:00,,32,35,13,1000,1.67,79
2026-08-12T11:39:26.115090+00:00,,34,34,15,1001,2.5,2
2026-08-12T12:46:06.238948+00:00,,38,34,18,1002,6.39,338
2026-08-12T14:14:41.989230+00:00,,51,32,20,1003,1.67,314
2026-08-12T15:51:27.259748+00:00,,44,29,24,1004,2.78,172
2026-08-12T16:47:25.911236+00:00,,43,28,26,1005,2.22,178
2026-08-12T17:52:00.751393+00:00,,39,28,27,1005,1.39,167
2026-08-12T18:49:39.322338+00:00,,39,28,26,1006,1.39,147
2026-08-12T19:56:06.946264+00:00,,34,26,30,1007,1.39,192
2026-08-12T20:36:27.836690+00:00,,33,25,30,1007,2.22,154
2026-08-12T21:35:49.965492+00:00,,32,25,31,1007,2.22,157
2026-08-12T22:30:33.691037+00:00,,32,25,31,1007,1.94,164
2026-08-12T23:30:58.572259+00:00,,28,25,32,1007,1.94,161
2026-08-13T01:11:09.453879+00:00,,29,24,32,1007,1.67,164
2026-08-13T04:01:13.247260+00:00,,35,31,24,1006,1.94,333
2026-08-13T06:09:56.102966+00:00,,35,34,18,1004,1.67,353
2026-08-13T08:11:46.969770+00:00,,32,36,15,1002,1.67,357
2026-08-13T09:53:53.645988+00:00,,36,37,13,1000,0.83,281
2026-08-13T10:53:54.553660+00:00,,34,36,14,1000,1.67,11
2026-08-13T11:39:48.161869+00:00,,33,35,15,1000,5.28,41
2026-08-13T12:48:01.866512+00:00,,33,34,16,1002,6.11,13
2026-08-13T14:16:20.173130+00:00,,49,30,21,1003,1.39,110
2026-08-13T15:50:47.306546+00:00,,57,28,24,1004,2.22,141
2026-08-13T16:45:39.711365+00:00,,51,29,23,1004,1.94,166
2026-08-13T17:50:51.313666+00:00,,42,28,25,1003,2.5,186
2026-08-13T18:50:04.938927+00:00,,41,26,27,1004,1.94,159
2026-08-13T19:51:25.978136+00:00,,46,25,31,1005,2.22,145
2026-08-13T20:31:45.478664+00:00,,38,25,30,1004,2.22,161
2026-08-13T21:35:17.934237+00:00,,29,25,30,1004,1.94,155
2026-08-13T22:31:58.727526+00:00,,28,25,30,1004,1.67,155
2026-08-13T23:31:48.410775+00:00,,27,24,30,1005,1.39,178
2026-08-14T01:09:10.524936+00:00,,27,24,29,1005,1.39,185
2026-08-14T03:57:13.753223+00:00,,34,31,22,1004,1.94,300
2026-08-14T05:29:06.235628+00:00,,55,34,17,1002,1.67,320
2026-08-14T07:10:07.040095+00:00,,52,36,13,1000,3.33,320
2026-08-14T08:58:54.009154+00:00,,39,37,12,999,3.33,321
2026-08-14T10:03:33.950708+00:00,,26,37,11,999,3.06,319
2026-08-14T11:37:23.118406+00:00,,37,37,11,999,3.33,318
2026-08-14T12:43:00.902625+00:00,,38,33,21,1001,8.33,225
2026-08-14T14:09:29.292088+00:00,,52,30,22,1002,4.72,195
2026-08-14T15:42:22.028739+00:00,,27,27,32,1005,4.17,201
2026-08-14T16:41:10.013531+00:00,,20,25,37,1007,7.78,212
2026-08-14T17:44:39.559411+00:00,,21,26,32,1006,3.61,204
2026-08-14T18:41:37.866067+00:00,,23,26,31,1006,3.06,178
2026-08-14T19:42:11.125337+00:00,,22,26,26,1007,2.22,196
2026-08-14T20:22:12.056890+00:00,,22,25,27,1007,2.5,185
2026-08-14T21:16:38.447380+00:00,,22,24,28,1008,2.22,179
2026-08-14T22:13:14.234400+00:00,,22,24,28,1008,2.22,179
2026-08-14T23:12:54.749972+00:00,,22,24,29,1008,2.5,172
2026-08-15T00:41:57.324612+00:00,,23,23,33,1009,2.22,168
2026-08-15T02:08:25.981644+00:00,,23,25,29,1009,1.94,178
2026-08-15T03:31:29.588023+00:00,,24,30,21,1007,2.5,330
2026-08-15T04:21:15.375972+00:00,,27,32,18,1007,3.06,335
2026-08-15T05:17:05.938410+00:00,,30,33,16,1006,2.5,335
2026-08-15T06:21:29.596772+00:00,,32,34,15,1006,2.5,329
2026-08-15T07:22:27.649318+00:00,,31,34,14,1005,3.06,320
2026-08-15T08:16:30.212641+00:00,,32,35,13,1004,3.06,323
2026-08-15T09:17:10.160736+00:00,,32,36,12,1003,3.61,324
2026-08-15T10:13:36.208797+00:00,,29,36,12,1003,3.61,324
2026-08-15T11:11:43.470941+00:00,,28,36,12,1003,4.17,336
2026-08-15T12:18:49.094352+00:00,,28,34,12,1003,5.56,350
2026-08-15T13:23:10.643279+00:00,,28,32,14,1004,4.44,11
2026-08-15T14:13:09.944695+00:00,,38,32,14,1004,4.44,11
2026-08-15T15:11:33.544779+00:00,,50,28,17,1006,2.78,102
2026-08-15T16:13:11.090491+00:00,,49,26,19,1007,2.5,147
2026-08-15T17:13:00.187517+00:00,,61,26,20,1008,2.5,154
2026-08-15T18:15:20.486628+00:00,,53,25,21,1007,2.5,151
2026-08-15T19:15:05.677288+00:00,,36,25,22,1007,1.94,182
2026-08-15T20:12:15.424376+00:00,,30,25,22,1007,1.94,182
2026-08-15T21:12:27.159366+00:00,,31,24,23,1007,1.39,186
2026-08-15T22:11:28.615041+00:00,,26,24,24,1007,1.67,185
2026-08-15T23:11:37.240181+00:00,,25,24,25,1007,1.94,183
2026-08-16T00:44:21.301302+00:00,,26,24,25,1006,1.67,170
2026-08-16T02:16:13.227801+00:00,,27,29,20,1006,0.28,360
2026-08-16T03:39:52.671941+00:00,,28,31,17,1005,1.67,9
2026-08-16T04:26:11.890422+00:00,,28,33,15,1004,2.22,14
2026-08-16T05:20:00.069005+00:00,,30,35,13,1003,2.22,13
2026-08-16T06:23:18.651381+00:00,,35,36,11,1002,2.22,353
2026-08-16T07:23:06.403097+00:00,,39,37,10,1001,2.78,305
2026-08-16T08:17:35.085979+00:00,,38,36,12,1000,6.67,207
2026-08-16T09:18:30.849493+00:00,,37,37,12,1000,6.39,194
2026-08-16T10:14:28.394295+00:00,,36,37,12,1000,6.39,194
2026-08-16T11:11:39.166811+00:00,,35,37,11,999,4.17,200
2026-08-16T12:20:33.800061+00:00,,35,36,11,1000,4.17,269
